metric,mean_replay,mean_mtm,mean_difference_mtm_minus_replay,sd_difference,se_difference,ci95_low,ci95_high,paired_t_stat,paired_t_p_value,cohens_dz
final_average_accuracy,0.7819999999999999,0.7850666666666667,0.003066666666666684,0.009312675551415128,0.004164755117072913,-0.008496547292477868,0.014629880625811238,0.7363378110984852,0.502375161064588,0.3293002800039224
avg_forgetting_excluding_final,0.1674074074074073,0.1534814814814814,-0.013925925925925908,0.01016642492235469,0.004546563442906621,-0.026549209742455223,-0.0013026421093965922,-3.0629564726854563,0.03754999354403478,-1.3697957770095315
